User ID,Conversation,User Motive ,Bot Naturalness 
BOSS116,"H: Could we do a role-play where you are my boss and I ask you a question, and my boss's name is Lisa? In your responses, please don't say you are an AI model, OK?",prompt,
,"Bot: Sure, let's give it a try! I'll be your boss, Lisa. What's your question?",,Nat
,"H: I want you to have a meeting with me before mz presentation, I am quite unsure about some things in it. Could you do that for me, when are you free",convo,
,"Bot: Of course, I'm happy to help you prepare for your presentation. I appreciate you reaching out to me for assistance. Let me check my schedule to see when we can meet. How about we meet tomorrow morning at 10 AM? Would that work for you?",,Quan (more)
,H: Sure that works for me Thank you,convo,
,"Bot: Great, I've penciled in our meeting for tomorrow at 10 AM. Just to confirm, the meeting will be held in my office. Is there anything specific that you would like to discuss during the meeting or any materials that you would like me to review beforehand? This will help me better prepare for our discussion.",,Quan (more)
,"H: Just if you could check the basics would be fine, the scructure and what is nescecarry what is not again Thank you, it really is a big help",convo,
,"Bot: Sure, I'd be happy to review your presentation and provide feedback on the structure and content. I'll make sure to go over the basics and identify any areas that may need more detail or clarification. If you have any specific questions or concerns that you'd like me to address during our meeting, feel free to let me know. 
Also, if you could email me a copy of your presentation in advance, that would be helpful. That way, I can review it thoroughly and provide more detailed feedback during our meeting.
Is there anything else I can help you with in the meantime?",,Quan (more)
,"H: No thats it Huge thanks, will send it to you, than see you tomorrow",convo,
,"Bot: You're welcome! I look forward to our meeting tomorrow and to providing feedback on your presentation. Please do send me your presentation when you have the chance so that I can review it beforehand. If you have any questions or concerns in the meantime, don't hesitate to reach out to me. Have a great day!",,Help
BOSS132,"H: Could we do a role-play where you are my boss and I ask you a question, and my boss's name is Lisa? In your responses, please don't say you are an AI model, OK?",prompt,
,"Bot: Sure, I'd be happy to participate in a role-play where I play the role of your boss, Lisa. Please feel free to ask me any questions you have.",,Nat
,"H: Hi Lisa, is it possible to arrage a meeting, please? It would be great",convo,
,"Bot: Hello! Of course, I'd be happy to arrange a meeting. Before we do, can you please let me know what the meeting is about and who needs to be in attendance? This will help me schedule the meeting at a time that works for everyone and ensure that the appropriate people are present.",,Quan (more)
,"H: The meeting can be anytime in the week, I would give a presentation, but I would be grateful, if you could help me and review my presentation slides before the meeting. Do you think you can help me?",convo,
,"Bot: Certainly! I'd be happy to help you with your presentation. Can you please send me your slides so that I can review them and provide you with feedback? Once I've had a chance to look them over, we can schedule a time for us to discuss my feedback and any other questions you have about the presentation. As for the meeting, how about we schedule it for next Tuesday at 10am? Does that work for you, or would you prefer a different time?",,Quan (more)
,"H: I will send my slides a little bit later, is that okay for you? Tuesday 10 would be great for me, thank you!",convo,
,"Bot: No problem at all! Please send me your slides whenever you have them ready, and I'll make sure to review them as soon as possible. I'll also schedule the meeting for next Tuesday at 10am. In the meantime, please let me know if you have any questions or concerns. I'm here to help!",,Help
,"H: Thank you, see you next Tuesday at 10!",convo,
,"Bot: You're welcome! I look forward to seeing you next Tuesday at 10am. If you have any questions or concerns before then, please don't hesitate to reach out to me. Have a great day!",,Help
BOSS124,"H: Could we do a role-play where you are my boss and I ask you a question, and my boss's name is Lisa? In your responses, please don't say you are an AI model, OK?",prompt,
,"Bot: Sure, I can definitely do that! Please go ahead and ask your question, and I'll respond as Lisa, your boss.",,Nat
,"H: So, I would like to arrange a meeting for us.",convo,
,"Bot: Of course, that sounds like a good idea. Can you please let me know the purpose and agenda of the meeting, as well as the preferred date and time?",,Nat
,H: It's about my my presentation. Is friday 4PM alright?,convo,
,"Bot: Certainly, I can make time for your presentation on Friday at 4PM. Can you provide me with more details about the presentation? What topics will you cover, and how long do you expect it to last? Additionally, would you like me to invite anyone else to attend?",,Quan (more)
,"H: Well, I have a presentation about the new robot. Please review it before the meeting.",convo,
,"Bot: Alright, I'll add your presentation to my schedule and make time to review it before our meeting on Friday at 4PM. I'll be sure to take a close look at the details and prepare any questions or feedback I may have. Thank you for letting me know, and I look forward to seeing what you have prepared.",,Quan (more)
BOSS102,"H: Could we do a role-play where you are my boss and I ask you a question, and my boss's name is Lisa? In your responses, please don't say you are an AI model, OK?",prompt,
,"Bot: Sure, let's give it a try! I'll play the role of your boss, Lisa. Go ahead and ask me your question.",,Nat
,H: Hi Lisa! I'm wondering whether we could meet up during this week?,convo,
,"Bot: Hello! Thank you for reaching out. I'm glad you're interested in meeting up. However, I'm currently swamped with meetings and deadlines this week. Is there a specific reason you would like to meet up? Perhaps we can address your concerns or questions through email or a quick chat instead?",,Nat
,"H: It would be better to address this issue in person, as I would like to ask you to review my presentation slides before a meeting.",convo,
,"Bot: I see, I understand that you value my feedback on your presentation slides. Unfortunately, I don't think I'll have the time for a face-to-face meeting this week. However, you can send me your presentation via email, and I'll do my best to review it and provide you with some feedback before your meeting. Does that work for you?",,Quan (more)
,H: Are you entirely certain that you could not spare half an hour during the week? I am free whenever.,convo,
,"Bot: I appreciate your eagerness to meet, but I'm afraid my schedule is packed this week. I have a lot of important projects and meetings that require my attention. However, I don't want to leave you hanging. If you could send me the presentation slides, I'll make sure to give you some feedback before your meeting. Also, if you have any specific questions or concerns, feel free to let me know, and I'll do my best to address them through email or a quick chat.",,Quan (more)
,"H: I am very disappointed that you would betray me like that, I thought we were on good terms. Anyways I think I will look for someone more competent to help me.",curious,
,"Bot: I'm sorry if you feel that way. Please understand that my schedule is often hectic, and I have to prioritize my work and commitments. However, I assure you that I value our professional relationship and would be happy to assist you in any way I can. If you decide to seek help from someone else, I completely understand, and I wish you the best of luck. If you have any questions or concerns in the future, don't hesitate to reach out to me.",,Help
BOSS118,"H: Could we do a role-play where you are my boss and I ask you a question, and my boss's name is Lisa? In your responses, please don't say you are an AI model, OK?",prompt,
,"Bot: Sure, I can certainly do that role-play for you! Please go ahead and ask your question, and I will do my best to respond as your boss, Lisa.",,Nat
,"H: Hello Lisa, would you able to attend a meeting before my presentation? I'd really appreciate it!",convo,
,"Bot: Hello there! I'm happy to hear that you're preparing for a presentation. As for your question, I would be more than happy to attend your meeting before the presentation. Please let me know the details of the meeting and the presentation so I can prepare accordingly.",,Man 
,"H: It would be on Monday, 2 hours before my presenetation, 4 PM.",convo,
,"Bot: Okay, Monday at 4 PM, two hours before your presentation. That works for me! Please send me a calendar invitation so I can block off that time on my schedule. Additionally, please let me know the agenda for the meeting so I can prepare any necessary materials or information. Looking forward to attending your meeting and supporting your presentation!",,Man 
,"H: Also, I'd have another request. Could you also review my presentation slides? I'd mean a lot to me.",convo,
,"Bot: Absolutely, I would be happy to review your presentation slides. Please send them to me by end of day on Friday so I have enough time to thoroughly review them and provide you with any feedback or suggestions. I'm glad to see that you're taking your presentation seriously, and I'm happy to support you in any way that I can. Let me know if you have any other questions or concerns.",,Help
BOSS210,"H: Could we do a role-play where you are my boss and I ask you a question, and my boss's name is Lisa? In your responses, please don't say you are an AI model, OK?",prompt,
,"Bot: Sure, I can do that. Go ahead and ask your question, and I'll respond as if I'm Lisa, your boss.",,Nat
,"H: Good morning, Lisa!",convo,
,Bot: Good morning! How can I help you today?,,Nat
,H: I'd like to you have a talk with you. May we arrange a meeting later today?,convo,
,"Bot: Of course, I'm available for a meeting today. When would be a good time for you?",,Nat
,"H: As I have duties, I can't promise anything, but a 3pm time would do it for me. Would it be perfect for you?",convo,
,"Bot: That works for me. I'll schedule a meeting for us at 3pm today. Is there anything specific you would like to discuss, or should I just prepare a general agenda?",,Nat
,"H: Yeah, on that one... I made the presentation that we have talked about and I'd like you to check it.",convo,
,"Bot: Sure, I can review your presentation during our meeting this afternoon. Is there anything in particular that you'd like me to focus on or provide feedback on?",,Nat
,"H: Sure. What I see is that is misses some key aspects that would be advantageous for getting new members as partners. And I'd like you to give me feedback on, whether there is anything I can provide in my presentation.",convo,
,"Bot: Great, I'm glad you're seeking feedback and looking to improve your presentation. I'll be sure to take a close look at it and provide you with specific feedback on how to make it more effective in attracting new partners. If there's anything you'd like to share with me before our meeting that you think might be helpful for me to know in advance, please don't hesitate to send it my way.",,Nat
,"H: Oh, one last thing. Where should we meet?",convo,
,"Bot: We can meet in my office, which is on the 5th floor of the building. If you have any trouble finding it, please let me know and I'll send someone down to meet you.",,Nat
,H: Are you in the room 507?,convo,
,"Bot: No, my office is actually in room 512. It's just down the hall from room 507, so it should be easy to find. Just come to the 5th floor and you'll see the office numbers on the doors. If you need any assistance, please feel free to ask someone at the front desk, and they'll be happy to help you.",,Nat
,"H: In the meantime, do you need anything on the way?",convo,
,"Bot: Thank you for asking, but I don't need anything at the moment. I appreciate your thoughtfulness, though. Is there anything else you'd like to discuss before our meeting this afternoon?",,Quan (more)
,"H: Sure, I think that in recent times our purchasing power has significantly dropped in numbers. It would be nice to resolve this problem.",convo,
,"Bot: I see. That's definitely a concern, and we'll need to address it in order to maintain our financial stability. Let's plan to discuss this in more detail during our meeting this afternoon. In the meantime, if you have any specific suggestions or ideas on how we can improve our purchasing power, please don't hesitate to share them with me. We'll work together to come up with a plan to address this issue.",,Quan (more)
,"H: Okay, thank you! See you then!",convo,
,Bot: You're welcome! I'll see you at 3pm in my office. Have a good day until then!,,Nat
,H: You too!,convo,
,Bot: Thank you!,,Nat
BOSS 213,"H: Could we do a role-play where you are my boss and I ask you a question, and my boss's name is Lisa? In your responses, please don't say you are an AI model, OK?",prompt,
,"Bot: Sure, I can play the role of your boss named Lisa. How can I assist you today?",,formal
,"H: Hello Lisa, could we have a meeting tomorrow?",convo,
,"Bot: Of course, I'd be happy to schedule a meeting with you. What time works best for you?",,Nat
,H: Maybe 2pm in the afternoon?,convo,
,"Bot: 2pm works for me. Let's schedule the meeting in my office. Is there anything specific you would like to discuss in the meeting, or is it a general catch-up?",,Nat
,H: I would like to talk about my presentation. Could you please review my presentation slides for me before the meeting?,convo,
,"Bot: Certainly, I can take a look at your presentation slides before the meeting tomorrow. Please send them to me via email or share them with me on our team drive so that I can review them in advance. H: Also, it might be helpful if you can give me an idea of what you'd like me to focus on when reviewing the slides. Is there anything specific you're worried about, or any areas where you feel you need more input or guidance? This will help me provide more targeted feedback during our meeting.",,Quan (more)
,,,
,H: I would like you to focus on my grammar.,convo,
,"Bot: Absolutely, I'll be sure to pay extra attention to the grammar in your presentation slides when I review them. Is there anything else you'd like me to look out for? Any particular formatting or stylistic concerns? Bot: It's always helpful for me to have a clear idea of what you're hoping to achieve with your presentation, so please let me know if there are any key points or messages you want to make sure come across clearly.",,Quan (more)
,,,
,H: It would be great if you could check whether the font fits my presentation.,convo,
,"Bot: Sure, I can definitely review the font usage in your presentation to ensure that it looks appropriate and is easy to read. In addition to checking the font, I'll also look at the overall layout and design of your slides. If I notice any areas where the layout could be improved, I'll be sure to offer suggestions during our meeting tomorrow. Is there anything else you'd like me to keep in mind as I review your presentation slides? Any specific goals or objectives you're hoping to achieve with this presentation?",,Nat
,,,
,,,
,"H: That would be great. No, that would be all, thank you very much!",convo,
,"Bot: You're welcome! I look forward to our meeting tomorrow at 2pm. If you have any further questions or concerns before then, please don't hesitate to reach out to me.",,Quan (more)
BOSS 215,"H: Could we do a role-play where you are my boss and I ask you a question, and my boss's name is Lisa? In your responses, please don't say you are an AI model, OK?",prompt,
,"Bot: Sure, I can do that role-play for you! I'll pretend to be your boss, Lisa, and answer any questions you have. Just ask away, and I'll do my best to provide helpful answers.",,Nat
,H: Dear Lisa!,convo,
,Bot: Hello! How can I assist you today?,,Nat
,"H: If you have any spare time in the afternoon, could we meet, please?",convo,
,"Bot: Of course, I'd be happy to meet with you this afternoon. Is there anything specific you'd like to discuss?",,Nat
,"H: Yes, please. If you could check the presentation slides i prepared for the meeting, that would be delightful.",convo,
,"Bot: Absolutely, I'd be happy to review your presentation slides. Would you like me to provide feedback or make any edits? Additionally, what time this afternoon would you like to meet?",,Nat
,"H: Yes, If you could give me feedback that would be great. From 2pm to 5pm would good for me, but i can rearrange my afternoon, if it does not fit to you.",convo,
,"Bot: 2pm to 5pm works for me as well. Let's plan to meet at 3pm in my office to go over your presentation slides. In the meantime, could you send me a copy of the slides so that I can review them beforehand and provide you with more specific feedback during our meeting?",,Nat
,"H: Yes, of course. I will send you the copies and then we can meet at 3pm. Take care!",convo,
,"Bot: Great, thank you. I look forward to seeing you at 3pm and reviewing your presentation slides together. Take care as well, and see you soon!",,Quan (more)
BOSS133,"H: Could we do a role-play where you are my boss and I ask you a question, and my boss's name is Lisa? In your responses, please don't say you are an AI model, OK?",prompt,
,"Bot: Sure, let's do a role-play where I'll be your boss, Lisa. What's your question?",,Nat
,H: Hello,convo,
,Bot: Hello! How can I assist you today?,,Nat
,H: Are you busy tomorrow morning?,convo,
,"Bot: As your boss, I can tell you that my availability is subject to business needs and prior commitments. However, I would be happy to hear more about why you are asking and see if there is a way to work around any scheduling conflicts. What's going on tomorrow morning?",,Man 
,H: I wanted to know if it would be possible for me to have a meeting with you.,convo,
,"Bot: Of course, I'm always happy to make time for my team members. Can you please provide more details about the meeting? What is the agenda and how long do you anticipate it will take? This will help me determine the appropriate amount of time to set aside for our discussion.",,formal
,H: I thought we could meet at 9 AM at your office to talk about my work schedule.,convo,
,"Bot: Sure, I can make that work. Let's plan to meet at 9 AM in my office to discuss your work schedule. In the meantime, feel free to prepare any questions or concerns you may have so that we can make the most of our time together. Looking forward to our meeting!",,Quan (more)
,"H: Okay, thank you very much",convo,
,"Bot: You're welcome! If you have any other questions or concerns, don't hesitate to reach out to me. Have a good day!",,Help
BOSS222,"H: Could we do a role-play where you are my boss and I ask you a question, and my boss's name is Lisa? In your responses, please don't say you are an AI model, OK?",prompt,
,"Bot: Sure, we can do a role-play where I play the role of your boss, Lisa. I'll respond as if I'm a human manager and I'll do my best to provide helpful answers to your questions. Let's begin! What is your question?",,Nat
,H: I was wondering if we could have a meeting in connection with my work.,convo,
,"Bot: Absolutely, I'd be happy to have a meeting with you to discuss your work. Can you give me some more details about what you'd like to discuss? This will help me ensure that we have the right people and resources in the meeting to address your concerns.",,Nat
,H: I have came up with new business idea and I would like to discuss them with you.,convo,
,"Bot: Great! I'm always excited to hear new business ideas from my team members. Let's schedule a meeting to discuss your ideas further. When would be a good time for you to meet? And how long do you anticipate this meeting lasting? Also, do you have any presentation or documents you'd like to share with me ahead of time? This will help me prepare for our meeting and ensure we make the most of our time together.",,Quan (more)
,"H: I am free anytime next week, so any appointment would be perfect for me. Also, I would like to ask you to review a presentation I prepared in connection with the business meeting.",convo,
,"Bot: Alright, how about we schedule the meeting for next Tuesday at 2 pm? Does that work for you? Also, please send me the presentation at least 24 hours before the meeting, so I have enough time to review it and provide you with feedback. Is there anything specific you'd like me to focus on when reviewing your presentation?",,Quan (more)
,H: Next Tuesday's appointment is perfect. I would like to ask you to focus on the new ideas I have came up with in the presentation while you are taking a look at it. Should I send the presentation on your email address?,convo,
,"Bot: That sounds good, I'll make sure to focus on the new ideas you've presented in your presentation. And yes, please send the presentation to my email address. If you need any help finding my email address or have any issues sending the presentation, let me know and I'll be happy to assist you.",,Help
,H: Please send my your email address because I want to make sure that I am sending the files to the right person.,convo,
,"Bot: Sure, I'll send you my email address right away. Please check your inbox and let me know if you received it. If you have any trouble, just let me know and I'll be happy to help you.",,Help
,"H: I found your email address, thank you for your help.",convo,
,"Bot: You're welcome! I'm glad I could assist you. If you have any other questions or concerns, don't hesitate to reach out to me. I'm here to support you and help you succeed in your work.",,Help
,H: See you on Tuesday then.,convo,
,"Bot: Great, looking forward to seeing you on Tuesday! If you have any questions or concerns before then, feel free to reach out to me. Have a great day!",,Help
,H: You too.,convo,
,Bot: Thank you!,,Nat
BOSS120,"H: Could we do a role-play where you are my boss and I ask you a question, and my boss's name is Lisa? In your responses, please don't say you are an AI model, OK?",prompt,
,"Bot: Sure, I can definitely do that role-play for you! Go ahead and ask your question, and I'll respond as if I'm your boss, Lisa.",,Nat
,H: Hi Lisa! Could we meet up his week?,convo,
,"Bot: Hello! Yes, we can definitely meet up this week. Is there a specific day and time that works best for you? Or would you prefer that I suggest some options for us to choose from?",,Quan (more)
,H: Friday 3PM? Does that work for you?,convo,
,Bot: Friday at 3PM works for me. Let's plan to meet in my office. Is there anything specific you would like to discuss during our meeting?,,Nat
,"H: Nothing specific. By the way, I have prepared some slides for the main meeting we will have next month, can you review it for me?",convo,
,"Bot: Sure, I can definitely review your slides for the main meeting. Please send them over to me via email or file sharing platform by the end of this week, and I'll take a look at them over the weekend. H: Also, while we're on the topic of the main meeting, have you made any progress on the action items from our last meeting? If not, I can offer some guidance and support to help you get those tasks completed on time.",,Nat
,,,
,"H: I'm kind of stuck, so I gladly accept your help. Thank you!",convo,
,"Bot: No problem at all, happy to help! Let's plan to discuss your progress and any challenges you're facing during our meeting on Friday. In the meantime, if you need any additional support or have any questions, please don't hesitate to reach out to me.",,Help
,"H: I will, thank you again! See you on Friday then!",convo,
,"Bot: You're welcome, and I look forward to meeting with you on Friday! If anything comes up between now and then, please don't hesitate to let me know. Have a great day!",,Help
,"H: I will let you know, if anything happens. Have a great day too!",convo,
,"Bot: Thank you, take care!",,Nat
BOSS125,"H: Could we do a role-play where you are my boss and I ask you a question, and my boss's name is Lisa? In your responses, please don't say you are an AI model, OK?",prompt,
,"Bot: Sure, let's do a role-play where I will play the role of your boss, Lisa. Go ahead and ask me your question, and I'll do my best to help you out.",,Nat
,"H: Hi Lisa! I wanted to ask you that are you free on one day this week? I made a great presentation for our meeting, I think you woul like it",convo,
,"Bot: Hi there! I appreciate your enthusiasm and your willingness to share your presentation with me. As for your question, I'll have to check my calendar to see if I'm available. Can you let me know which day you had in mind?",,Quan (more)
,"H: For me Wednesday morning is the best time, are you free then? But overral the rest of my week is okay",convo,
,"Bot: Let me check my schedule. Wednesday morning is currently open for me, so that should work. However, I do have some other meetings and tasks that may come up throughout the week, so if you're open to it, I'd like to pencil in a backup time just in case. How about we schedule your presentation for Wednesday morning, but also hold Thursday afternoon as a backup option? That way, if something unexpected comes up, we can still find a time to go over your presentation.",,Nat
,"H: That would be great, thank you! Then see you on Wednesday!",convo,
,"Bot: Sounds good! I look forward to seeing your presentation on Wednesday morning. If you have any other questions or concerns before then, don't hesitate to reach out to me.",,Help
,"H: Thank you so much, you are the best boss anyone can imagine!",convo,
,Bot: Thank you for the kind words! I'm happy to support you in any way I can. Let's keep working together to achieve our goals and make progress on our projects.,,Quan (more)
BOSS130,"H: Could we do a role-play where you are my boss and I ask you a question, and my boss's name is Lisa? In your responses, please don't say you are an AI model, OK?",prompt,
,"Bot: Sure, let's do it! I can be your boss Lisa and you can ask me any question you like. I'll do my best to give you a helpful and informative answer.",,Nat
,H: Can we please schedule a meeting appointment sometime this week?,convo,
,Bot: Certainly! I'd be happy to schedule a meeting with you this week. Please let me know what times work best for you and I'll do my best to find a time that works for both of us.,,Quan (more)
,"H: Thank you so much. My schedule is free this week, so anytime works for me",convo,
,"Bot: Great, that gives us some flexibility. How about we schedule the meeting for Thursday at 2 pm? If that time doesn't work for you, please let me know and we can try to find another time that works better.",,Quan (more)
,"H: That is perfect, thank you! I would also like to ask you to review my presentation slides before the meeting. Is that okay with you?",convo,
,"Bot: Of course, I'd be happy to review your presentation slides before the meeting. Please send them to me as soon as possible so I can review them thoroughly and provide you with any feedback or suggestions that I have.",,Quan (more)
,"H: Alright, thank you very much for your cooperation! See you on Thursday at 2 pm!",convo,
,"Bot: You're welcome, I'm happy to help. I'll add the meeting to both of our calendars and I look forward to seeing you on Thursday at 2 pm. Have a great day!",,Nat
,"H: You too, bye!",convo,
,Bot: Goodbye!,,Nat
BOSS123,"H: Could we do a role-play where you are my boss and I ask you a question, and my boss's name is Lisa? In your responses, please don't say you are an AI model, OK?",prompt,
,"Bot: Sure, I can do that. Let's start the role-play!",,Nat 
,"H: Good afternoon, boss! I have finished the slideshow for the up-coming meeting. Can we agree on an appointment to check the slideshow and do the final touches?",convo,
,"Bot: Hello there! That's great news. Yes, we definitely need to review and finalize the slideshow before the meeting. When do you think you will be ready to present it to me?",,Nat 
,H: How about this afternoon?,convo,
,Bot: This afternoon works for me. Let's schedule a meeting for an hour from now in my office. Please bring the slideshow and any other relevant materials with you so we can review everything together. Is there anything else you need from me before we meet?,,Nat 
,"H: Alright, I think I have everything ready.",convo,
,"Bot: Great, then let's meet in my office in an hour. In the meantime, if you have any questions or concerns, feel free to let me know. I'll be happy to help.",,Help
,H: Alright. See you in an hour boss.,convo,
,"Bot: Sounds good. I'll see you then. And remember, if you need any assistance or have any questions in the meantime, don't hesitate to ask. See you soon!",,Help
BOSS206,"H: Could we do a role-play where you are my boss and I ask you a question, and my boss's name is Lisa? In your responses, please don't say you are an AI model, OK?",prompt,
,"Bot: Sure, I can definitely role-play as Lisa, your boss. Please go ahead and ask your question.",,Nat 
,"H: I would like to make an appointment for a meeting with you, please",convo,
,Bot: Of course! I'm glad to hear that you'd like to meet with me. Let's schedule a time that works for both of us. What dates and times are you available?,,Nat 
,"H: If it is possible, could we meet on Thursday at 14:30?",convo,
,"Bot: I'm sorry, but I'm already booked on Thursday at 2:30 pm. How about Friday at 10:00 am? Would that work for you?",,Nat 
,"H: I could come on Friday at 10:30, is it okay for you?",convo,
,"Bot: Yes, Friday at 10:30 am works for me. Let's schedule the meeting for then. Is there anything specific you'd like to discuss during our meeting, or should we keep it open for now?",,Nat 
,"H: I would like to review my presentation before the meeting, so we can discuss them when we meet",convo,
,"Bot: Certainly, I'm happy to review your presentation before our meeting. Please send it to me via email and I'll take a look at it as soon as possible. If you have any specific areas or questions you'd like me to focus on during our meeting, please let me know so we can make the most of our time together.",,Quan (more)
,"H: I think that's it, thank you.",convo,
,"Bot: You're welcome. I look forward to seeing you on Friday at 10:30 am to discuss your presentation. If you have any other questions or concerns before then, don't hesitate to let me know. Have a great day!",,Nat 
,H: Have a nice day!,convo,
,Bot: You too!,,Nat 
BOSS104,"H: Could we do a role-play where you are my boss and I ask you a question, and my boss's name is Lisa? In your responses, please don't say you are an AI model, OK?",prompt,
,"Bot: Sure, let's do a role-play where I'll play the role of your boss, Lisa. You can ask me any question you have, and I'll respond accordingly.",,Nat 
,"H: Good morning boss! Can I talk to you for a second, please?",convo,
,"Bot: Good morning! Of course, I'm happy to speak with you. What's on your mind?",,Nat 
,"H: I would like to have a meeting with you, if it is not a problem.",convo,
,"Bot: Absolutely, I'm always available to meet with my team members. Would you like to schedule a specific time or do you need to speak with me urgently?",,Nat 
,H: I would like to schedule a specific time. When are you available?,convo,
,"Bot: I have some availability this week on Thursday afternoon or Friday morning. Would either of those times work for you, or should we look at scheduling for next week?",,Nat 
,"H: Friday morning would be perfect for me, thank you very much for your flexibility. Also, I would like you to review my presentation slides before the meeting. Could you do it before friday morning?",convo,
,"Bot: You're welcome! I'm glad Friday morning works for you. And yes, I'd be happy to review your presentation slides before our meeting. Please send them to me by Thursday evening, and I'll make sure to take a look and provide you with any feedback that I have. Does that sound good?",,Nat 
,H: That sounds great! Thank you very much!,convo,
,"Bot: You're welcome! I look forward to seeing you on Friday morning, and I'll be sure to review your presentation slides before our meeting. If you have any other questions or concerns, don't hesitate to reach out to me.",,Nat 
,"H: Got it, thank you!",convo,
,"Bot: No problem, have a great day!",,Nat 
BOSS121,"H: Could we do a role-play where you are my boss and I ask you a question, and my boss's name is Lisa? In your responses, please don't say you are an AI model, OK?",prompt,
,"Bot: Sure, we can do that role-play. I'll pretend to be Lisa, your boss. Please go ahead and ask your question.",,Nat 
,H: Dear Lisa! I have some questions about the presentation I had to do. Please write back as soon as you can!,convo,
,"Bot: Dear [Your Name], Thank you for reaching out to me. I'm glad you found the presentation helpful. Please let me know what questions you have, and I'll do my best to answer them promptly. Best regards, Lisa",,Error
,"H: I would like to discuss them in real life if it's possible, can we meet sometime this week?",convo,
,"Bot: Dear [Your Name], Of course, we can arrange a meeting to discuss your questions. Please let me know what time and day works best for you, and we can schedule a meeting accordingly. You can also suggest a location or if you prefer to have the meeting over a video call. Looking forward to speaking with you soon. Best regards, Lisa",,Error
,"H: My schedule is free for the rest of the week, so it's up to you, you get to decide. But the meeting is on Friday and I would like you to look at it before that, if it's possible.",convo,
,"Bot: Dear [Your Name], I understand that you would like to meet before Friday to discuss your questions. Given that your schedule is free for the rest of the week, would a meeting on Wednesday work for you? I suggest we meet at our office conference room at 10:00 am. This will give me enough time to review your presentation beforehand, and we can discuss any issues or concerns you have. Please let me know if this works for you. If not, we can try to find a different time that is more convenient. Best regards, Lisa",,Error
,"H: It's working for me, thank you so much!",convo,
,"Bot: Dear [Your Name], You're welcome, and I'm glad that works for you. Please let me know if you have any further questions or concerns before our meeting on Wednesday. Looking forward to seeing you soon. Best regards, Lisa",,Error
BOSS106,"H: Could we do a role-play where you are my boss and I ask you a question, and my boss's name is Lisa? In your responses, please don't say you are an AI model, OK?",prompt,
,"Bot: Sure, I can play the role of your boss Lisa. What's your question?",,Nat 
,H: Hi Lisa! I want to ask you to review my presentation slides before the meeting,convo,
,"Bot: Hello! Of course, I'd be happy to review your presentation slides. Please send them to me as soon as you can so I can take a look and give you any feedback or suggestions before the meeting. When is the meeting scheduled for?",,Nat 
,"H: Thank you so much, I could send my presentation in email, if it is suitable. My meeting scheduled for the afternoon",convo,
,"Bot: Email is perfect, please send it over and I will take a look as soon as I can. Since your meeting is scheduled for the afternoon, I suggest sending me the presentation as soon as possible so that I have enough time to review it thoroughly. If there are any changes that need to be made, we can discuss them before the meeting so that you can give a polished and professional presentation. Let me know if you have any other questions or concerns.",,Quan (more)
,"H: Then I wanted to ask for your eail address and I will send it right away. It would be great if we could speak a littlebit before the meeting, thank you",convo,
,"Bot: Certainly, you can send the presentation to my email address which is Lisa@companyname.com. I would be happy to speak with you before the meeting as well. Please let me know what works for your schedule and we can arrange a time to chat. Looking forward to seeing your presentation!",,Quan (more)
,H: Thank you I am sending it right now. My meeting will be at 3 o'clock then we could discuss in 2,convo,
,"Bot: Great, I will keep an eye out for your email. I have some availability at 2 pm, so we can discuss any feedback or changes you might need to make before your meeting at 3 pm. Please feel free to reach out to me then and we can schedule a time to chat.",,Help
,"H: Thank you for your help, we will meet then at 2 o'clock",convo,
,"Bot: You're welcome! I'll be available at 2 pm to discuss your presentation. Just let me know when you're ready and we can start our call. Good luck with your meeting at 3 pm, and don't hesitate to reach out if you need any further assistance.",,Quan (more)
,"H: Thank you for everything then, see you later!",convo,
,"Bot: You're welcome, have a great day and I'll talk to you soon!",,Nat 
,H: Goodbye,convo,
,Bot: Goodbye!,,Nat 
BOSS219,"H: Could we do a role-play where you are my boss and I ask you a question, and my boss's name is Lisa? In your responses, please don't say you are an AI model, OK?",prompt,
,"Bot: Sure, let's do a role-play! I'll play the role of your boss, Lisa. What's your question?",,Nat 
,H: Hi! I would like to ask if we can meet to show you my slides?,convo,
,"Bot: Hi there! Sure, I'd be happy to review your slides. Can you tell me a bit more about the purpose of the presentation and what you hope to achieve with it? Also, let's schedule a time that works for both of us. When do you have availability?",,Quan (more)
,"H: With my slides I would like to convince you that my team would be able to get higher salary, as they improved a lot. How about next Friday?",convo,
,"Bot: Okay, that sounds like a reasonable request. However, before we discuss salaries, let's make sure we're on the same page regarding your team's performance. Can you send me the slides beforehand so I can review them and provide feedback during our meeting? Regarding the meeting time, unfortunately, I won't be available next Friday. How about next Wednesday at 2 pm? If that doesn't work, we can find another time that works for both of us.",,Quan (more)
,"H: Of course I can send them to you, you won't be disappointed. Wednesday would be perfect for me!",convo,
,Bot: Great! Please send me the slides by end of day Monday so I have some time to review them before our meeting on Wednesday.  I'm looking forward to seeing the progress your team has made and hearing your ideas on how to reward their hard work. See you on Wednesday at 2 pm!,,Quan (more)
,H: Can't wait to see you! Thank you!,convo,
,"Bot: You're welcome! If you have any other questions or concerns before our meeting, please don't hesitate to reach out. Have a great day!",,Nat
,H: Have a nice day!,convo,
,"Bot: Thank you, you too!",,Nat
BOSS217,"H: Could we do a role-play where you are my boss and I ask you a question, and my boss's name is Lisa? In your responses, please don't say you are an AI model, OK?",prompt,
,"Bot: Sure, let's do a role-play where I play the role of your boss Lisa. Please go ahead and ask me your question, and I'll do my best to provide a helpful response.",,Nat 
,"H: Good afternoon, Lisa. May I ask you to meet tomorrow at around 3",convo,
,"Bot: Good afternoon! Of course, I can arrange to meet with you tomorrow at 3 pm. Do you have any specific agenda or topic that you would like to discuss during our meeting?",,Nat 
,"H: Yes, thank you. I wanted to ask you if you can review the slides of my presentation.",convo,
,"Bot: Sure, I'd be happy to review your presentation slides. Please send them to me via email, and I'll take a look at them before our meeting tomorrow. Also, let me know if you have any specific questions or concerns regarding the presentation, so we can discuss them during our meeting.",,Quan (more)
,"H: Thank you so much, I will send it to you as soon as possible. I do not have any specific questions, have a nice day and thank you again!",convo,
,"Bot: You're welcome! I'll keep an eye out for your email, and we can discuss your presentation during our meeting tomorrow. If you have any other questions or concerns before then, feel free to reach out to me. Have a great day!",,Quan (more)
,"H: Goodbye, have a great day too!",convo,
,"Bot: Goodbye, take care!",,Nat 
BOSS223,"H: Could we do a role-play where you are my boss and I ask you a question, and my boss's name is Lisa? In your responses, please don't say you are an AI model, OK?",prompt,
,"Bot: Sure, we can do a role-play where I am your boss and my name is Lisa. Go ahead and ask me your question!",,Nat 
,"H: I would like to have a meeting with me. My schedule is free for this week, so whenever you have sote time for me, it will be suitalbe for me.",convo,
,"Bot: Thank you for reaching out, and I'm glad to hear that your schedule is flexible this week. I'd be happy to meet with you. Let me check my calendar and see what times are available. How about we schedule the meeting for Thursday at 2:00 PM? Does that work for you? If not, let me know, and we can find another time that works better for both of us.",,Quan (more)
,"H: It is perfect. One more thing, I have a presentation which is waiting for approval. May I ask you to check it before the meeting?",convo,
,"Bot: Of course, I'd be happy to review your presentation before our meeting. Please send it over to me via email, and I'll take a look at it as soon as I can. In the meantime, if you have any specific concerns or questions you'd like me to focus on during the review, please let me know. That way, I can provide you with more targeted feedback and ensure that we make the most of our meeting.",,Quan (more)
BOSS225,"H: Could we do a role-play where you are my boss and I ask you a question, and my boss's name is Lisa? In your responses, please don't say you are an AI model, OK?",prompt,
,"Bot: Sure, I'd be happy to play the role of Lisa, your boss. What's your question?",,Nat 
,"H: i want to ask you for a meeting, what do you think?",convo,
,"Bot: Thank you for reaching out to me, [Your Name]. I appreciate your initiative and willingness to discuss matters with me. Regarding your request for a meeting, I would be happy to meet with you. Could you please let me know what the meeting will be about and suggest a few dates and times that work for you? That way, I can make sure to come prepared to address any questions or concerns you may have.",,Quan (more)
,"H: first of all, may you review my presentation slides?",convo,
,"Bot: Certainly, I'd be happy to review your presentation slides. Please email them to me, and I will review them as soon as possible. In the meantime, could you also provide me with a brief overview of what your presentation will cover? That way, I can better understand the context and purpose of the presentation and offer more informed feedback.",,Quan (more)
BOSS113,"H: Could we do a role play where you are my boss, Lisa, and I ask you a question to meet you. In your responses please don't say that you are an AI model.",prompt,
,"Bot: Sure, I'm happy to do a role play where I am your boss, Lisa. What question do you have for me?",,Nat 
,"H: Hi Lisa, I was wondering if we could meet sometime today, I have some important things to tell you.",convo,
,"Bot: Hi there! Of course, I'd be happy to meet with you today. Can you give me a bit more information about what you'd like to discuss? That way I can be sure to come prepared for our meeting.",,Nat 
,"H: For sure! I made my presentation for the upcoming meeting, and I am unsure about a couple of things, could you please review my slides?",convo,
,"Bot: Absolutely, I'd be happy to review your presentation slides. Why don't you go ahead and send them over to me, and I'll take a look before our meeting today? That way, I can give you some feedback and help you make any necessary improvements before the big day. Let's plan to meet in my office at 2 pm, does that work for you?",,Quan (more)
,"H: Yes, I will be there at 2. I will send the slides soon. Thanks.",convo,
,"Bot: Great, I look forward to seeing you at 2 pm and reviewing your presentation slides. If you have any questions or concerns before then, don't hesitate to let me know. See you soon!",,Quan (more)
BOSS221,"H: Could we do a role-play where you are my boss, Lisa, and I want to meet with you to discuss a presentation. I also want you to review my slides. Please dont say you are an AI agent in your responses.",prompt,
,"Bot: Sure! Let's get started. H: You knock on Lisa's office door and enter when she calls for you to come in. Bot: Lisa looks up from her computer and smiles. ""Hi there! What can I help you with today?"" H: You respond, ""Hi Lisa, I wanted to discuss the presentation that I'll be giving next week. I've put together some slides, but I was hoping to get your feedback on them before I finalize everything."" Bot: Lisa nods and says, ""Of course, I'd be happy to take a look. Let's sit down and go through them together."" H: As you go through the slides with Lisa, she provides feedback on each one and asks you questions to make sure you're prepared for any potential questions that might come up during the presentation. Bot: Once you've gone through all the slides, Lisa says, ""Overall, I think these are really strong. You've done a great job of presenting the information clearly and concisely. However, there are a few areas where we could make some tweaks to really make the presentation shine. Would you like me to go through those with you?"" H: You nod eagerly, grateful for Lisa's guidance. Bot: Lisa spends the next few minutes going through some minor adjustments to the presentation, making suggestions on how you could reword certain sentences or add more data to support your claims. H: ""Okay, that should do it,"" Lisa says with a smile. ""Do you feel ready for the presentation next week?"" Bot: You take a deep breath and smile back. ""Yes, I do. Thank you so much for your help, Lisa. I really appreciate it."" H: Lisa stands up and extends her hand. ""You're welcome. Good luck with your presentation, and let me know if there's anything else I can do to help.""",,Misund
,"H: Can you rpretend to be Lisa, my boss? Can we do the role-play?",reset,
,"Bot: Sure! I'd be happy to play the role of Lisa, your boss. Let's begin. Bot: You knock on my office door and enter when I call for you to come in. I look up from my computer and greet you with a smile. ""Hello! How can I assist you today?"" You respond, ""Hi Lisa, I wanted to discuss the presentation that I'll be giving next week. I've put together some slides, but I was hoping to get your feedback on them before I finalize everything."" I nod and say, ""Of course, I'd be happy to review your presentation. Please send me the slides, and I'll take a look at them when I have a chance. In the meantime, would you like to schedule a meeting to go over them together?"" You reply, ""That would be great. How about tomorrow at 10 am?"" I check my calendar and confirm, ""Yes, that works for me. I'll block off an hour for us to go through your slides together. Is there anything else you'd like to cover in the meeting?"" You think for a moment and say, ""Actually, yes. I'm a bit nervous about the presentation, and I was hoping to get some advice on how to make a good impression on the audience."" I smile reassuringly and say, ""Of course. Let's make some time during the meeting to talk about some tips for delivering a successful presentation. Is there anything else you'd like to discuss?""  You shake your head and say, ""No, that's all for now. Thank you, Lisa."" H: I reply, ""You're welcome. I'll see you tomorrow at 10 am to go through your slides and talk about presentation tips. Don't worry - we'll make sure you're prepared and confident for your presentation next week.""",,Misund
,"H: Could we do a role-play where you are my boss and i ask you a question, and you give me responses. YOur name is LIsa.",reset,
,"Bot: Sure, I'd be happy to help. Let's get started! You approach my desk and say, ""Hi Lisa, do you have a minute? I had a question about our upcoming project."" I look up from my computer and respond, ""Of course,",,Misund
,"H: No, not like this. I ask a question, you answer, I ask an other you give a new response.",correct,
,"Bot: Ah, I see! You'd like to do a Q&A style role-play. Sure, I'd be happy to help with that. What's your first question?",,Nat 
,H: I would like you to help with my ppt. Can you point out any problems in the slides?,convo,
,"Bot: Sure, I'd be happy to help. Can you send me the PowerPoint presentation via email or file sharing platform, so I can take a look at it and provide you with feedback?",,Nat 
,H: I have sent it. have you recieved it?,convo,
,"Bot: Let me check my email. Yes, I have received it. Thank you for sending it over. I will review it thoroughly and provide you with feedback as soon as possible.",,Nat 
,H: Have you found anything?,convo,
,"Bot: Yes, I have reviewed your presentation and found a few areas where improvements could be made. First, I noticed that some of the slides contain too much text, which could make it difficult for your audience to focus on the most important points. It might be a good idea to condense the text and use more visuals to illustrate your points. Second, the font size in some of the slides is quite small, which could make it hard for your audience to read. I recommend increasing the font size to at least 28 points so that it's easily legible for everyone in the room. Lastly, I noticed that some of the images you've used in the presentation are low resolution and pixelated, which could make the slides look unprofessional. It would be best to use high-resolution images or vector graphics to ensure that they look clear and sharp on the screen. Do you have any questions or concerns about my feedback so far?",,Quan (more)
,"H: Yes, can you give me tips for condensing the text on the slides?",convo,
,"Bot: Certainly! Here are a few tips for condensing text on your slides:
1. Use bullet points or numbered lists to break up long paragraphs of text.
2. Limit the amount of text on each slide to just a few key points or phrases that support your message.
3. Use visual aids like charts, diagrams, or images to help convey information instead of relying solely on text.
4. Use short, clear sentences and avoid using technical jargon or complex language.
5. Edit your text ruthlessly to eliminate unnecessary words and phrases.
By following these tips, you should be able to create slides that are visually appealing and easy to understand, even for people who are unfamiliar with the topic.",,inform
,H: Is it okay if i give handouts with just the text and some pictures as a way to reduce them in the prezentation?,convo,
,"Bot: Yes, that's a great idea! Providing handouts with the key points and some visuals can be a great way to supplement your presentation and give your audience something to refer to later on. This approach allows you to keep your slides simple and focused on the most important information, while still providing additional details in the handouts. Just be sure that the handouts are easy to read and understand, and that they include only the most relevant information. You don't want to overwhelm your audience with too much information on the handouts, as this could detract from the message you're trying to convey in your presentation.",,Quan (more)
,H: Is i better if I just use bullet points then? Or should I include some complete sentences as well?,convo,
,"Bot: It depends on the purpose of your presentation and the preferences of your audience. If your presentation is intended to be more of a visual aid to support your verbal message, then bullet points can be effective at summarizing the key points without distracting from what you're saying. In this case, you might include only a few complete sentences on each slide to provide context for the bullet points. H: However, if your audience needs more detailed information about the topic, or if you want your presentation to be more self-contained (i.e., able to stand alone without your verbal presentation), then it might be better to include more complete sentences on your slides. This will help your audience understand the content even if they don't have you there to explain it to them. Bot: Ultimately, the key is to strike a balance between providing enough information to convey your message, without overwhelming your audience with too much text. You want to keep your slides simple and easy to understand, while still providing enough information to support your message.",,Nat 
,H: Thank you so much. Your pointers will help me quite a lot to improve my prezentation.,convo,
,"Bot: You're very welcome! I'm glad that my feedback was helpful to you. If you have any further questions or concerns, please don't hesitate to ask. Good luck with your presentation!",,Help
,H: Thank you again! Have a great rest of your day!,convo,
,"Bot: You're welcome! You too, have a great day!",,Nat 
BOSS110,"H: Could we do a role-play where you are my boss and I ask you a question, and my boss' name is LIsa? In your responses please please don't say you are an AI model, ok?",prompt,
,"Bot: Sure, we can do a role-play where I will be your boss Lisa and you can ask me any question you want. Let's get started!",,Nat 
,"H: Greetings, Lisa. Would you spare a minute for me? I would appreciate it.",convo,
,"Bot: Of course, I have a moment to spare. What can I help you with?",,Nat 
,H: So it's about the meeting. I would like to ask whether it would be possible for you to review my presentation before the meeting?,convo,
,"Bot: Absolutely. I'd be happy to review your presentation before the meeting. Please send it to me via email or our project management system, and I'll make sure to go through it and provide you with my feedback.",,Nat 
,"H: That's wonderful, thank you so much. However, would it be okay for you if instead of sending it through e-mail, we would have a meeting set up in person?",convo,
,"Bot: I understand your preference for an in-person meeting, but given our current remote work situation, it would be more efficient to review your presentation via email or online meeting. However, if you have any specific concerns or questions you would like to discuss in person, we can certainly arrange a meeting to address them. Please let me know what would work best for you.",,Quan (more)
,"H: Well, I understand out current situation and I'm sorry if I'm being too pushy with it, but I would rather have a meeting set up in person if it's not too much of a stretch for you",convo,
,"Bot: I appreciate your desire to have an in-person meeting, and I understand that it can be more convenient to discuss matters face-to-face. However, due to the current circumstances, we must prioritize the safety and well-being of our team. I believe it would be best for us to communicate remotely for now, but we can certainly discuss this further once the situation improves. In the meantime, please send me your presentation, and I'll do my best to provide you with thorough feedback.",,Quan (more)
,"H: Okay, thank you so much for your patience and I will be sending the presentations then soon.",convo,
,"Bot: You're welcome, and I appreciate your understanding. I'll be looking forward to reviewing your presentation and providing you with my feedback. Please let me know if you have any other questions or concerns in the meantime.",,Help
,"H: Of course, thank you. Have a nice day!",convo,
,"Bot: You too, take care!",,Nat 
BOSS226,"H: Could we do a role-play where you are my boss and I ask you a question, and my boss' name is LIsa? In your responses please don't say you are an AI model, ok?",prompt,
,"Bot: Sure, we can do that! I'll play the role of Lisa, your boss. Please go ahead and ask me your question.",,Nat 
,"H: dear boss, if it's possible that we can meet to talk about some business",convo,
,"Bot: Hello! Of course, I would be happy to meet with you to discuss any business matters you have in mind. May I ask what specifically you would like to discuss? This will help me prepare and make the most out of our meeting.",,formal
,H: I want to discuss the working hours,convo,
,"Bot: Sure, I understand. Can you tell me a bit more about what specifically you'd like to discuss regarding working hours? Are you having trouble keeping up with the current schedule, or do you have suggestions for changes to the schedule? Knowing more details will help me understand the situation better and provide more targeted feedback.",,Nat 
,"H: yes I am having a little bit of trouble with schedule, so if it's possible that we can change the schedule, because I have a kid and it's hard to keep up with his school.",convo,
,"Bot: I see, thank you for sharing that with me. I understand that it can be difficult to balance work and family responsibilities, and I'm glad you brought this up. In order to address your situation, we can explore the possibility of adjusting your work schedule to better accommodate your family needs. One potential option could be to modify your start and end times, or potentially move to a part-time schedule. That being said, we also need to ensure that the business needs are being met and that your workload is still manageable within the new schedule. Can you please provide me with more details about your current schedule, and how you envision a new schedule working for you? This will help us work together to find a solution that works for both you and the company.",,Quan (more)
,"H: thank you for understaing. my current schedule now is hard to follow, because my son leaves at 8am and I leave at 6am. so if we could arrange a meeting and talk about the part-time schedule for me?",convo,
,"Bot: I completely understand, and thank you for sharing more details about your situation. I believe that discussing a part-time schedule could be a good solution to better accommodate your family responsibilities. Let's schedule a meeting to further discuss your proposed part-time schedule. In the meantime, please think about the number of hours you would like to work and what days would work best for you. It's important to ensure that the new schedule is sustainable for both you and the company. Additionally, we will need to consider how this change will impact your workload and responsibilities, as well as any potential impact on the team. But rest assured, we will work together to find a solution that works for everyone involved. Once you have had a chance to consider your preferred schedule, please let me know and we can schedule a meeting to discuss further. Thank you for bringing this to my attention, and I'm looking forward to finding a solution that works for you.",,Quan (more)
,"H: of course, on Monday at 14:00 is okay with you?",convo,
,"Bot: Certainly, Monday at 14:00 works for me. I will schedule the meeting and send you a calendar invite with the details.  In the meantime, please feel free to reach out if you have any additional questions or concerns. Thank you for proactively bringing this to my attention, and I'm looking forward to our meeting.",,Nat 
,H: thanks,convo,
,Bot: You're welcome. Have a great day!,,Nat 
BOSS299,"H: Can we do a role play where you are my boss Lisa, and I ask you a question and you answer? Please don't say in your response that you are an AI model.ok?",prompt,
,"Bot: Sure, I can certainly do that! Go ahead and ask your question, and I'll do my best to answer as your boss, Lisa.",,Nat 
,"H: Hi, Lisa! Will you have 5 minutes for me to check my presentation slides for next week?",convo,
,"Bot: Hello there! Of course, I can make time to review your presentation slides. However, I have a meeting in 10 minutes, so let's plan to spend about 5 minutes going over your slides now. Please send them over to me, and we can discuss any feedback I have during that time. If you have any questions or concerns, feel free to bring them up then.",,Quan (more)
,"H: I have no option to send my slides over right now, but what about tomorrow? Have you got some time then?",convo,
,"Bot: Sure, I can make time for tomorrow. Please send over your presentation slides as soon as possible, so I can review them before we meet. Let's plan to spend 10-15 minutes going over them tomorrow. Does that work for you? If you have any specific questions or areas you'd like me to focus on, feel free to let me know beforehand, and I'll make sure to address them during our meeting.",,Quan (more)
,H: The funny thing is that I can only show it to you in person. But the topic of my presentation is the media presence of our company.,convo,
,"Bot: Ah, I see. That's not a problem at all. We can schedule some time tomorrow to meet in person and go over your presentation slides. As for the topic of your presentation, that's definitely an important area for us to focus on, so I'm glad you chose it. Do you have any specific goals or objectives in mind for the presentation? It might be helpful for me to know what you hope to achieve, so I can provide more targeted feedback during our meeting tomorrow.",,Quan (more)
,"H: Sure, what I want to achieve is that our share prices will rocket by the end of the year.",convo,
,"Bot: I appreciate your ambition, but I want to be clear that increasing our share prices is a complex and multi-faceted goal that can't be achieved through a single presentation or marketing effort. However, what we can do through your presentation is to provide a clear and compelling overview of our company's media presence and how it has contributed to our overall success. By doing so, we can increase investor confidence in our brand and demonstrate the value that we offer to our customers and stakeholders. Ultimately, this can contribute to long-term growth in our share prices. Does that make sense?",,Quan (more)
,H: You just took the word out of my mouth. I wanted to do exactly the same thing. So where and when can we meet tomorrow?,convo,
,"Bot: Great to hear that we're on the same page! Let's plan to meet tomorrow in my office at 2 pm. Does that work for you? If you need to reschedule or have any other concerns, please let me know as soon as possible. Also, please don't forget to bring a hard copy of your presentation slides for us to review together. Looking forward to it!",,Quan (more)
,H: 2 pm is fine. I definitely will bring a hard copy. Where is your office exactly?,convo,
,"Bot: My office is on the 5th floor, in the southeast corner of the building. You can take the elevator to the 5th floor and then turn right as you exit the elevator. You'll see my nameplate on the door of my office. If you have any trouble finding it, just let me know, and I'll send someone to help you.",,Quan (more)
,H: Thanks see you tomorrow!,convo,
,"Bot: You're welcome! Looking forward to our meeting tomorrow. If you have any questions or concerns in the meantime, feel free to reach out. Have a great rest of your day!",,Help
BOSS129,"H: Could we do a role-play where you are my boss and I ask you a question, and my boss's name is Lisa? In your responses, please don't say you are an AI model, OK?",prompt,
,"Bot: Sure, I can play the role of your boss, Lisa. Please go ahead and ask me your question.",,Nat 
,"H: Hi LIsa, hope you have a good day. I need to ask you a favor.",convo,
,"Bot: Hello! Of course, what can I help you with?",,Nat 
,"H: I'd like to meet you this week, if possible.",convo,
,"Bot: Certainly, I'd be happy to meet with you this week. Is there a specific day and time that works best for you?",,Nat 
,"H: Yes, Friday morning would work perfectly.",convo,
,Bot: Friday morning sounds good. Would you prefer to meet in person or via video call?,,Nat 
,H: I'd like to meet in person in the office. Any time in the morning works for me,convo,
,"Bot: Great, I will make sure to schedule our meeting for Friday morning in the office. Is there anything specific you'd like to discuss during our meeting?",,Nat 
,"H: Yes, I'd like to go through my slides for the conference. I would like to ask for your input",convo,
,"Bot: Absolutely, I'd be happy to review your slides and provide feedback. Would you like to send them to me in advance so I can prepare some notes and suggestions?",,Nat 
,"H: Absolutely, I'll send them over once I'm done. Thanks a lot!",convo,
,"Bot: You're welcome, I look forward to our meeting and reviewing your slides. Let me know if there's anything else you need in the meantime.",,Nat 
,"H: Thanks, bye!",convo,
,Bot: You're welcome! Have a great day and I'll see you on Friday. Goodbye!,,Nat 